{
 "whisper_visitor1": {
    "category": "master",
    "sounds": [
      "whisper_visitor1"
    ]
 },
 "whisper_visitor2": {
    "category": "master",
    "sounds": [
      "whisper_visitor2"
    ]
 },
 "whisper_visitor3": {
    "category": "master",
    "sounds": [
      "whisper_visitor3"
    ]
 },
 "whisper_visitor4": {
    "category": "master",
    "sounds": [
      "whisper_visitor4"
    ]
 },
 "whisper_present1": {
    "category": "master",
    "sounds": [
      "whisper_present1"
    ]
 },
 "whisper_present2": {
    "category": "master",
    "sounds": [
      "whisper_present2"
    ]
 },
 "whisper_present3": {
    "category": "master",
    "sounds": [
      "whisper_present3"
    ]
 },
 "whisper_present4": {
    "category": "master",
    "sounds": [
      "whisper_present4"
    ]
 },
 "void_ambient": {
    "category": "master",
    "sounds": [
      "void_ambient"
    ]
 }
}