{"textures":{"2":"modelengine:entity/356acdf9-865e-388c-8c13-18ed1a2a0fc5","particle":"#2"},"elements":[{"from":[8.955,7.994999,7.98],"to":[9.045,9.125,8.07],"faces":{"east":{"uv":[4.0,7.5,4.5,8.0],"tintindex":0,"rotation":0,"texture":"#2"},"south":{"uv":[5.0,7.5,5.5,8.0],"tintindex":0,"rotation":0,"texture":"#2"},"north":{"uv":[3.5,7.5,4.0,8.0],"tintindex":0,"rotation":0,"texture":"#2"},"west":{"uv":[7.5,5.0,8.0,5.5],"tintindex":0,"rotation":0,"texture":"#2"},"up":{"uv":[6.0,8.0,5.5,7.5],"tintindex":0,"rotation":0,"texture":"#2"},"down":{"uv":[8.0,5.5,7.5,6.0],"tintindex":0,"rotation":0,"texture":"#2"}}},{"from":[10.975,7.994999,7.98],"to":[11.065001,9.125,8.07],"faces":{"east":{"uv":[7.5,6.0,8.0,6.5],"tintindex":0,"rotation":0,"texture":"#2"},"south":{"uv":[6.5,7.5,7.0,8.0],"tintindex":0,"rotation":0,"texture":"#2"},"north":{"uv":[6.0,7.5,6.5,8.0],"tintindex":0,"rotation":0,"texture":"#2"},"west":{"uv":[7.0,7.5,7.5,8.0],"tintindex":0,"rotation":0,"texture":"#2"},"up":{"uv":[8.0,8.0,7.5,7.5],"tintindex":0,"rotation":0,"texture":"#2"},"down":{"uv":[0.5,8.0,0.0,8.5],"tintindex":0,"rotation":0,"texture":"#2"}}}],"display":{"gui":{"rotation":[-150.0,-45.0,180.0]}}}