{"textures":{"2":"modelengine:entity/356acdf9-865e-388c-8c13-18ed1a2a0fc5","particle":"#2"},"elements":[{"from":[7.975,8.094999,7.98],"to":[10.025,8.184999,8.07],"faces":{"east":{"uv":[6.5,8.0,7.0,8.5],"tintindex":0,"rotation":0,"texture":"#2"},"south":{"uv":[7.0,7.0,8.0,7.5],"tintindex":0,"rotation":0,"texture":"#2"},"north":{"uv":[7.0,6.5,8.0,7.0],"tintindex":0,"rotation":0,"texture":"#2"},"west":{"uv":[8.0,6.5,8.5,7.0],"tintindex":0,"rotation":0,"texture":"#2"},"up":{"uv":[1.0,8.0,0.0,7.5],"tintindex":0,"rotation":0,"texture":"#2"},"down":{"uv":[3.5,7.5,2.5,8.0],"tintindex":0,"rotation":0,"texture":"#2"}}}],"display":{"gui":{"rotation":[-150.0,-45.0,180.0]}}}