{"textures":{"0":"modelengine:entity/god5","particle":"#0"},"elements":[{"from":[6.0,-2.0,6.0],"to":[9.0,10.0,10.0],"faces":{"east":{"uv":[8.0,13.0,9.0,16.0],"tintindex":0,"rotation":0,"texture":"#0"},"south":{"uv":[10.75,13.0,11.5,16.0],"tintindex":0,"rotation":0,"texture":"#0"},"north":{"uv":[9.0,13.0,9.75,16.0],"tintindex":0,"rotation":0,"texture":"#0"},"west":{"uv":[9.75,13.0,10.75,16.0],"tintindex":0,"rotation":0,"texture":"#0"},"up":{"uv":[9.75,13.0,9.0,12.0],"tintindex":0,"rotation":0,"texture":"#0"},"down":{"uv":[10.5,12.0,9.75,13.0],"tintindex":0,"rotation":0,"texture":"#0"}}}],"display":{"gui":{"rotation":[-150.0,-45.0,180.0]}}}