{"textures":{"2":"modelengine:entity/356acdf9-865e-388c-8c13-18ed1a2a0fc5","particle":"#2"},"elements":[{"from":[6.535,15.074999,7.435],"to":[6.625,15.164999,8.665],"faces":{"east":{"uv":[8.0,7.0,8.5,7.5],"tintindex":0,"rotation":0,"texture":"#2"},"south":{"uv":[7.5,8.0,8.0,8.5],"tintindex":0,"rotation":0,"texture":"#2"},"north":{"uv":[7.0,8.0,7.5,8.5],"tintindex":0,"rotation":0,"texture":"#2"},"west":{"uv":[8.0,7.5,8.5,8.0],"tintindex":0,"rotation":0,"texture":"#2"},"up":{"uv":[8.5,8.5,8.0,8.0],"tintindex":0,"rotation":0,"texture":"#2"},"down":{"uv":[0.5,8.5,0.0,9.0],"tintindex":0,"rotation":0,"texture":"#2"}}},{"from":[7.5,15.280001,10.08],"to":[7.2799997,15.059999,9.86],"faces":{"east":{"uv":[8.0,7.0,8.5,7.5],"tintindex":0,"rotation":0,"texture":"#2"},"south":{"uv":[7.5,8.0,8.0,8.5],"tintindex":0,"rotation":0,"texture":"#2"},"north":{"uv":[7.0,8.0,7.5,8.5],"tintindex":0,"rotation":0,"texture":"#2"},"west":{"uv":[8.0,7.5,8.5,8.0],"tintindex":0,"rotation":0,"texture":"#2"},"up":{"uv":[8.5,8.5,8.0,8.0],"tintindex":0,"rotation":0,"texture":"#2"},"down":{"uv":[0.5,8.5,0.0,9.0],"tintindex":0,"rotation":0,"texture":"#2"}}},{"from":[7.675,15.074999,7.435],"to":[7.7650003,15.164999,8.665],"faces":{"east":{"uv":[0.5,8.5,1.0,9.0],"tintindex":0,"rotation":0,"texture":"#2"},"south":{"uv":[8.5,0.5,9.0,1.0],"tintindex":0,"rotation":0,"texture":"#2"},"north":{"uv":[8.5,0.0,9.0,0.5],"tintindex":0,"rotation":0,"texture":"#2"},"west":{"uv":[1.0,8.5,1.5,9.0],"tintindex":0,"rotation":0,"texture":"#2"},"up":{"uv":[9.0,1.5,8.5,1.0],"tintindex":0,"rotation":0,"texture":"#2"},"down":{"uv":[2.0,8.5,1.5,9.0],"tintindex":0,"rotation":0,"texture":"#2"}}},{"from":[15.375,15.074999,7.435],"to":[15.465,15.164999,16.365],"faces":{"east":{"uv":[0.0,2.0,4.5,2.5],"tintindex":0,"rotation":0,"texture":"#2"},"south":{"uv":[6.0,8.5,6.5,9.0],"tintindex":0,"rotation":0,"texture":"#2"},"north":{"uv":[8.5,5.5,9.0,6.0],"tintindex":0,"rotation":0,"texture":"#2"},"west":{"uv":[0.0,2.5,4.5,3.0],"tintindex":0,"rotation":0,"texture":"#2"},"up":{"uv":[0.5,7.5,0.0,3.0],"tintindex":0,"rotation":0,"texture":"#2"},"down":{"uv":[1.0,3.0,0.5,7.5],"tintindex":0,"rotation":0,"texture":"#2"}}},{"from":[14.235,15.074999,8.575],"to":[14.325,15.164999,15.225],"faces":{"east":{"uv":[4.5,0.5,8.0,1.0],"tintindex":0,"rotation":0,"texture":"#2"},"south":{"uv":[9.0,1.5,9.5,2.0],"tintindex":0,"rotation":0,"texture":"#2"},"north":{"uv":[1.5,9.0,2.0,9.5],"tintindex":0,"rotation":0,"texture":"#2"},"west":{"uv":[1.0,4.5,4.5,5.0],"tintindex":0,"rotation":0,"texture":"#2"},"up":{"uv":[5.0,4.5,4.5,1.0],"tintindex":0,"rotation":0,"texture":"#2"},"down":{"uv":[5.0,4.5,4.5,8.0],"tintindex":0,"rotation":0,"texture":"#2"}}},{"from":[6.575,15.074999,7.435],"to":[7.725,15.164999,7.525],"faces":{"east":{"uv":[2.0,8.5,2.5,9.0],"tintindex":0,"rotation":0,"texture":"#2"},"south":{"uv":[8.5,2.0,9.0,2.5],"tintindex":0,"rotation":0,"texture":"#2"},"north":{"uv":[8.5,1.5,9.0,2.0],"tintindex":0,"rotation":0,"texture":"#2"},"west":{"uv":[2.5,8.5,3.0,9.0],"tintindex":0,"rotation":0,"texture":"#2"},"up":{"uv":[9.0,3.0,8.5,2.5],"tintindex":0,"rotation":0,"texture":"#2"},"down":{"uv":[3.5,8.5,3.0,9.0],"tintindex":0,"rotation":0,"texture":"#2"}}},{"from":[7.675,15.074999,10.735001],"to":[7.7650003,15.164999,15.225],"faces":{"east":{"uv":[5.5,5.0,7.5,5.5],"tintindex":0,"rotation":0,"texture":"#2"},"south":{"uv":[7.0,8.5,7.5,9.0],"tintindex":0,"rotation":0,"texture":"#2"},"north":{"uv":[8.5,6.5,9.0,7.0],"tintindex":0,"rotation":0,"texture":"#2"},"west":{"uv":[5.5,5.5,7.5,6.0],"tintindex":0,"rotation":0,"texture":"#2"},"up":{"uv":[2.0,8.0,1.5,6.0],"tintindex":0,"rotation":0,"texture":"#2"},"down":{"uv":[2.5,6.0,2.0,8.0],"tintindex":0,"rotation":0,"texture":"#2"}}},{"from":[6.35,14.730001,9.13],"to":[6.53,14.909998,9.309999],"faces":{"east":{"uv":[15.5,15.5,16.0,16.0],"tintindex":0,"rotation":0,"texture":"#2"},"south":{"uv":[15.5,15.5,16.0,16.0],"tintindex":0,"rotation":0,"texture":"#2"},"north":{"uv":[15.5,15.5,16.0,16.0],"tintindex":0,"rotation":0,"texture":"#2"},"west":{"uv":[15.5,15.5,16.0,16.0],"tintindex":0,"rotation":0,"texture":"#2"},"up":{"uv":[16.0,16.0,15.5,15.5],"tintindex":0,"rotation":0,"texture":"#2"},"down":{"uv":[16.0,15.5,15.5,16.0],"tintindex":0,"rotation":0,"texture":"#2"}}},{"from":[7.975,8.094999,7.98],"to":[10.025,8.184999,8.07],"faces":{"east":{"uv":[8.0,0.5,8.5,1.0],"tintindex":0,"rotation":0,"texture":"#2"},"south":{"uv":[5.0,6.5,6.0,7.0],"tintindex":0,"rotation":0,"texture":"#2"},"north":{"uv":[3.5,6.5,4.5,7.0],"tintindex":0,"rotation":0,"texture":"#2"},"west":{"uv":[1.5,8.0,2.0,8.5],"tintindex":0,"rotation":0,"texture":"#2"},"up":{"uv":[7.0,7.0,6.0,6.5],"tintindex":0,"rotation":0,"texture":"#2"},"down":{"uv":[7.5,6.0,6.5,6.5],"tintindex":0,"rotation":0,"texture":"#2"}}},{"from":[8.735,15.074999,7.435],"to":[8.825,15.164999,8.665],"faces":{"east":{"uv":[9.0,0.0,9.5,0.5],"tintindex":0,"rotation":0,"texture":"#2"},"south":{"uv":[0.5,9.0,1.0,9.5],"tintindex":0,"rotation":0,"texture":"#2"},"north":{"uv":[0.0,9.0,0.5,9.5],"tintindex":0,"rotation":0,"texture":"#2"},"west":{"uv":[9.0,0.5,9.5,1.0],"tintindex":0,"rotation":0,"texture":"#2"},"up":{"uv":[1.5,9.5,1.0,9.0],"tintindex":0,"rotation":0,"texture":"#2"},"down":{"uv":[9.5,1.0,9.0,1.5],"tintindex":0,"rotation":0,"texture":"#2"}}},{"from":[8.775,15.074999,7.435],"to":[15.425,15.164999,7.525],"faces":{"east":{"uv":[8.5,6.0,9.0,6.5],"tintindex":0,"rotation":0,"texture":"#2"},"south":{"uv":[1.0,3.5,4.5,4.0],"tintindex":0,"rotation":0,"texture":"#2"},"north":{"uv":[1.0,3.0,4.5,3.5],"tintindex":0,"rotation":0,"texture":"#2"},"west":{"uv":[6.5,8.5,7.0,9.0],"tintindex":0,"rotation":0,"texture":"#2"},"up":{"uv":[4.5,4.5,1.0,4.0],"tintindex":0,"rotation":0,"texture":"#2"},"down":{"uv":[8.0,0.0,4.5,0.5],"tintindex":0,"rotation":0,"texture":"#2"}}},{"from":[6.61,14.99,9.39],"to":[6.27,14.65,9.05],"faces":{"east":{"uv":[8.0,7.0,8.5,7.5],"tintindex":0,"rotation":0,"texture":"#2"},"south":{"uv":[7.5,8.0,8.0,8.5],"tintindex":0,"rotation":0,"texture":"#2"},"north":{"uv":[7.0,8.0,7.5,8.5],"tintindex":0,"rotation":0,"texture":"#2"},"west":{"uv":[8.0,7.5,8.5,8.0],"tintindex":0,"rotation":0,"texture":"#2"},"up":{"uv":[8.5,8.5,8.0,8.0],"tintindex":0,"rotation":0,"texture":"#2"},"down":{"uv":[0.5,8.5,0.0,9.0],"tintindex":0,"rotation":0,"texture":"#2"}}},{"from":[6.575,15.074999,16.275],"to":[15.425,15.164999,16.365],"faces":{"east":{"uv":[8.5,5.0,9.0,5.5],"tintindex":0,"rotation":0,"texture":"#2"},"south":{"uv":[0.0,0.5,4.5,1.0],"tintindex":0,"rotation":0,"texture":"#2"},"north":{"uv":[0.0,0.0,4.5,0.5],"tintindex":0,"rotation":0,"texture":"#2"},"west":{"uv":[5.5,8.5,6.0,9.0],"tintindex":0,"rotation":0,"texture":"#2"},"up":{"uv":[4.5,1.5,0.0,1.0],"tintindex":0,"rotation":0,"texture":"#2"},"down":{"uv":[4.5,1.5,0.0,2.0],"tintindex":0,"rotation":0,"texture":"#2"}}},{"from":[8.775,15.074999,8.575],"to":[14.325,15.164999,8.665],"faces":{"east":{"uv":[2.0,9.0,2.5,9.5],"tintindex":0,"rotation":0,"texture":"#2"},"south":{"uv":[5.5,3.5,8.5,4.0],"tintindex":0,"rotation":0,"texture":"#2"},"north":{"uv":[1.5,5.5,4.5,6.0],"tintindex":0,"rotation":0,"texture":"#2"},"west":{"uv":[9.0,2.0,9.5,2.5],"tintindex":0,"rotation":0,"texture":"#2"},"up":{"uv":[8.5,4.5,5.5,4.0],"tintindex":0,"rotation":0,"texture":"#2"},"down":{"uv":[8.5,4.5,5.5,5.0],"tintindex":0,"rotation":0,"texture":"#2"}}},{"from":[14.39,7.869999,7.77],"to":[14.190001,8.07,7.97],"faces":{"east":{"uv":[8.0,7.0,8.5,7.5],"tintindex":0,"rotation":0,"texture":"#2"},"south":{"uv":[7.5,8.0,8.0,8.5],"tintindex":0,"rotation":0,"texture":"#2"},"north":{"uv":[7.0,8.0,7.5,8.5],"tintindex":0,"rotation":0,"texture":"#2"},"west":{"uv":[8.0,7.5,8.5,8.0],"tintindex":0,"rotation":0,"texture":"#2"},"up":{"uv":[8.5,8.5,8.0,8.0],"tintindex":0,"rotation":0,"texture":"#2"},"down":{"uv":[0.5,8.5,0.0,9.0],"tintindex":0,"rotation":0,"texture":"#2"}}},{"from":[6.535,15.074999,10.735001],"to":[6.625,15.164999,16.365],"faces":{"east":{"uv":[5.0,2.5,8.0,3.0],"tintindex":0,"rotation":0,"texture":"#2"},"south":{"uv":[5.0,8.5,5.5,9.0],"tintindex":0,"rotation":0,"texture":"#2"},"north":{"uv":[8.5,4.5,9.0,5.0],"tintindex":0,"rotation":0,"texture":"#2"},"west":{"uv":[5.0,3.0,8.0,3.5],"tintindex":0,"rotation":0,"texture":"#2"},"up":{"uv":[5.5,6.5,5.0,3.5],"tintindex":0,"rotation":0,"texture":"#2"},"down":{"uv":[1.5,5.5,1.0,8.5],"tintindex":0,"rotation":0,"texture":"#2"}}},{"from":[7.35,15.129999,9.93],"to":[7.4300003,15.210001,10.01],"faces":{"east":{"uv":[15.5,15.5,16.0,16.0],"tintindex":0,"rotation":0,"texture":"#2"},"south":{"uv":[15.5,15.5,16.0,16.0],"tintindex":0,"rotation":0,"texture":"#2"},"north":{"uv":[15.5,15.5,16.0,16.0],"tintindex":0,"rotation":0,"texture":"#2"},"west":{"uv":[15.5,15.5,16.0,16.0],"tintindex":0,"rotation":0,"texture":"#2"},"up":{"uv":[16.0,16.0,15.5,15.5],"tintindex":0,"rotation":0,"texture":"#2"},"down":{"uv":[16.0,15.5,15.5,16.0],"tintindex":0,"rotation":0,"texture":"#2"}}},{"from":[6.575,15.074999,10.735001],"to":[7.725,15.164999,10.825],"faces":{"east":{"uv":[7.5,8.5,8.0,9.0],"tintindex":0,"rotation":0,"texture":"#2"},"south":{"uv":[8.5,7.5,9.0,8.0],"tintindex":0,"rotation":0,"texture":"#2"},"north":{"uv":[8.5,7.0,9.0,7.5],"tintindex":0,"rotation":0,"texture":"#2"},"west":{"uv":[8.0,8.5,8.5,9.0],"tintindex":0,"rotation":0,"texture":"#2"},"up":{"uv":[9.0,8.5,8.5,8.0],"tintindex":0,"rotation":0,"texture":"#2"},"down":{"uv":[9.0,8.5,8.5,9.0],"tintindex":0,"rotation":0,"texture":"#2"}}},{"from":[7.675,15.074999,15.135],"to":[14.325,15.164999,15.225],"faces":{"east":{"uv":[2.5,9.0,3.0,9.5],"tintindex":0,"rotation":0,"texture":"#2"},"south":{"uv":[5.0,1.0,8.5,1.5],"tintindex":0,"rotation":0,"texture":"#2"},"north":{"uv":[1.0,5.0,4.5,5.5],"tintindex":0,"rotation":0,"texture":"#2"},"west":{"uv":[9.0,2.5,9.5,3.0],"tintindex":0,"rotation":0,"texture":"#2"},"up":{"uv":[8.5,2.0,5.0,1.5],"tintindex":0,"rotation":0,"texture":"#2"},"down":{"uv":[8.5,2.0,5.0,2.5],"tintindex":0,"rotation":0,"texture":"#2"}}},{"from":[6.575,15.074999,8.575],"to":[7.725,15.164999,8.665],"faces":{"east":{"uv":[3.5,8.5,4.0,9.0],"tintindex":0,"rotation":0,"texture":"#2"},"south":{"uv":[8.5,3.5,9.0,4.0],"tintindex":0,"rotation":0,"texture":"#2"},"north":{"uv":[8.5,3.0,9.0,3.5],"tintindex":0,"rotation":0,"texture":"#2"},"west":{"uv":[4.0,8.5,4.5,9.0],"tintindex":0,"rotation":0,"texture":"#2"},"up":{"uv":[9.0,4.5,8.5,4.0],"tintindex":0,"rotation":0,"texture":"#2"},"down":{"uv":[5.0,8.5,4.5,9.0],"tintindex":0,"rotation":0,"texture":"#2"}}}],"display":{"gui":{"rotation":[-150.0,-45.0,180.0]}}}