{"model":{"entries":[{"model":{"model":"modelengine:internal_fire/fire_0","tints":[{"default":-1,"type":"minecraft:dye"}],"type":"minecraft:model"},"threshold":1},{"model":{"model":"modelengine:internal_fire/fire_1","tints":[{"default":-1,"type":"minecraft:dye"}],"type":"minecraft:model"},"threshold":2},{"model":{"model":"modelengine:whisp/right_leg","tints":[{"default":-1,"type":"minecraft:dye"}],"type":"minecraft:model"},"threshold":4},{"model":{"model":"modelengine:whisp/left_leg","tints":[{"default":-1,"type":"minecraft:dye"}],"type":"minecraft:model"},"threshold":5},{"model":{"model":"modelengine:whisp/body","tints":[{"default":-1,"type":"minecraft:dye"}],"type":"minecraft:model"},"threshold":6},{"model":{"model":"modelengine:whisp/right_arm","tints":[{"default":-1,"type":"minecraft:dye"}],"type":"minecraft:model"},"threshold":7},{"model":{"model":"modelengine:whisp/left_arm","tints":[{"default":-1,"type":"minecraft:dye"}],"type":"minecraft:model"},"threshold":8},{"model":{"model":"modelengine:whisp/head","tints":[{"default":-1,"type":"minecraft:dye"}],"type":"minecraft:model"},"threshold":9},{"model":{"model":"modelengine:whisp/nimbus","tints":[{"default":-1,"type":"minecraft:dye"}],"type":"minecraft:model"},"threshold":10},{"model":{"model":"modelengine:whisp/group2","tints":[{"default":-1,"type":"minecraft:dye"}],"type":"minecraft:model"},"threshold":11},{"model":{"model":"modelengine:whisp/group4","tints":[{"default":-1,"type":"minecraft:dye"}],"type":"minecraft:model"},"threshold":12},{"model":{"model":"modelengine:whisp/group","tints":[{"default":-1,"type":"minecraft:dye"}],"type":"minecraft:model"},"threshold":13},{"model":{"model":"modelengine:whisp/group3","tints":[{"default":-1,"type":"minecraft:dye"}],"type":"minecraft:model"},"threshold":14},{"model":{"model":"modelengine:whisp/group5","tints":[{"default":-1,"type":"minecraft:dye"}],"type":"minecraft:model"},"threshold":15}],"fallback":{"model":"minecraft:item/leather_horse_armor","tints":[{"default":-6265536,"type":"minecraft:dye"}],"type":"minecraft:model"},"property":"minecraft:custom_model_data","type":"minecraft:range_dispatch"},"oversized_in_gui":true}