{"overrides":[{"predicate":{"custom_model_data":1},"model":"modelengine:internal_fire/fire_0"},{"predicate":{"custom_model_data":2},"model":"modelengine:internal_fire/fire_1"},{"predicate":{"custom_model_data":4},"model":"modelengine:whisp/right_leg"},{"predicate":{"custom_model_data":5},"model":"modelengine:whisp/left_leg"},{"predicate":{"custom_model_data":6},"model":"modelengine:whisp/body"},{"predicate":{"custom_model_data":7},"model":"modelengine:whisp/right_arm"},{"predicate":{"custom_model_data":8},"model":"modelengine:whisp/left_arm"},{"predicate":{"custom_model_data":9},"model":"modelengine:whisp/head"},{"predicate":{"custom_model_data":10},"model":"modelengine:whisp/nimbus"},{"predicate":{"custom_model_data":11},"model":"modelengine:whisp/group2"},{"predicate":{"custom_model_data":12},"model":"modelengine:whisp/group4"},{"predicate":{"custom_model_data":13},"model":"modelengine:whisp/group"},{"predicate":{"custom_model_data":14},"model":"modelengine:whisp/group3"},{"predicate":{"custom_model_data":15},"model":"modelengine:whisp/group5"}],"parent":"minecraft:item/generated","textures":{"layer0":"minecraft:item/leather_horse_armor"}}