{
	"format_version": "1.21.11",
	"credit": "Made with Blockbench",
	"textures": {
		"0": "nimbus",
		"particle": "nimbus"
	},
	"elements": [
		{
			"from": [4, 8, 4],
			"to": [12, 8, 12],
			"rotation": {"angle": 0, "axis": "y", "origin": [8, 8, 8]},
			"faces": {
				"north": {"uv": [0, 0, 8, 0], "texture": "#0"},
				"east": {"uv": [0, 0, 8, 0], "texture": "#0"},
				"south": {"uv": [0, 0, 8, 0], "texture": "#0"},
				"west": {"uv": [0, 0, 8, 0], "texture": "#0"},
				"up": {"uv": [8, 8, 0, 0], "texture": "#0"},
				"down": {"uv": [8, 0, 0, 8], "texture": "#0"}
			}
		}
	],
	"display": {
		"thirdperson_righthand": {
			"rotation": [0, 0, -90],
			"translation": [0, -2, -3]
		},
		"thirdperson_lefthand": {
			"rotation": [0, 0, 90],
			"translation": [0, -2, -3]
		},
		"firstperson_righthand": {
			"rotation": [0, 0, 67],
			"translation": [-2.25, 4.75, 2.25]
		},
		"firstperson_lefthand": {
			"rotation": [0, 0, 67],
			"translation": [0, 5, 0]
		},
		"ground": {
			"translation": [0, -5.5, 0],
			"scale": [1.5, 1.5, 1.5]
		},
		"gui": {
			"rotation": [30, 45, 0],
			"translation": [0, -0.5, 0],
			"scale": [1.25, 1.25, 1.25]
		},
		"head": {
			"translation": [0, 9.5, 0],
			"scale": [2, 2, 2]
		},
		"fixed": {
			"rotation": [90, 0, 0],
			"translation": [0, 0, -0.25],
			"scale": [3, 3, 3]
		},
		"on_shelf": {
			"rotation": [90, 0, 0],
			"scale": [2, 2, 2]
		}
	}
}